Tiempo_s,Q_in_m3s,Nivel_m,Nivel_cm
0,2.74444e-05,0.072,7.2
1,2.74444e-05,0.072,7.2
2,2.74444e-05,0.072,7.2
3,2.74444e-05,0.072,7.2
4,2.74444e-05,0.072,7.2
5,2.74444e-05,0.072,7.2
6,2.74444e-05,0.072,7.2
7,2.74444e-05,0.072,7.2
8,2.74444e-05,0.072,7.2
9,2.74444e-05,0.072,7.2
10,4.74444e-05,0.072,7.2
11,4.74444e-05,0.0729803228626409,7.29803228626409
12,4.74444e-05,0.0739514877628442,7.39514877628442
13,4.74444e-05,0.0749135802522982,7.49135802522982
14,4.74444e-05,0.0758666850834861,7.58666850834861
15,4.74444e-05,0.0768108862171517,7.68108862171517
16,4.74444e-05,0.077746266829696,7.7746266829696
17,4.74444e-05,0.078672909320504,7.8672909320504
18,4.74444e-05,0.079590895319204,7.9590895319204
19,4.74444e-05,0.0805003056928576,8.05003056928576
20,4.74444e-05,0.0814012205530843,8.14012205530843
21,4.74444e-05,0.0822937192631181,8.22937192631181
22,4.74444e-05,0.0831778804447993,8.31778804447993
23,4.74444e-05,0.0840537819854997,8.40537819854997
24,4.74444e-05,0.0849215010449846,8.49215010449846
25,4.74444e-05,0.0857811140622093,8.57811140622093
26,4.74444e-05,0.0866326967620532,8.66326967620532
27,4.74444e-05,0.0874763241619905,8.74763241619905
28,4.74444e-05,0.0883120705786983,8.83120705786983
29,4.74444e-05,0.0891400096346036,8.91400096346036
30,4.74444e-05,0.0899602142643687,8.99602142643687
31,4.74444e-05,0.0907727567213163,9.07727567213163
32,4.74444e-05,0.0915777085837942,9.15777085837942
33,4.74444e-05,0.092375140761481,9.2375140761481
34,4.74444e-05,0.0931651235016323,9.31651235016323
35,4.74444e-05,0.0939477263952694,9.39477263952694
36,4.74444e-05,0.0947230183833094,9.47230183833094
37,4.74444e-05,0.0954910677626383,9.54910677626383
38,4.74444e-05,0.0962519421921275,9.62519421921275
39,4.74444e-05,0.0970057086985941,9.70057086985941
40,4.74444e-05,0.0977524336827052,9.77524336827052
41,4.74444e-05,0.0984921829248272,9.84921829248272
42,4.74444e-05,0.099225021590821,9.9225021590821
43,4.74444e-05,0.0999510142377818,9.99510142377818
44,4.74444e-05,0.100670224819727,10.0670224819727
45,4.74444e-05,0.101382716693229,10.1382716693229
46,4.74444e-05,0.102088552622997,10.2088552622997
47,4.74444e-05,0.102787794787407,10.2787794787407
48,4.74444e-05,0.103480504783977,10.3480504783977
49,4.74444e-05,0.104166743634793,10.4166743634793
50,4.74444e-05,0.10484657179189,10.484657179189
51,4.74444e-05,0.10552004914257,10.552004914257
52,4.74444e-05,0.106187235014682,10.6187235014682
53,4.74444e-05,0.106848188181847,10.6848188181847
54,4.74444e-05,0.107502966868636,10.7502966868636
55,4.74444e-05,0.108151628755697,10.8151628755697
56,4.74444e-05,0.108794230984841,10.8794230984841
57,4.74444e-05,0.109430830164071,10.9430830164071
58,4.74444e-05,0.110061482372569,11.0061482372569
59,4.74444e-05,0.11068624316564,11.068624316564
60,4.74444e-05,0.111305167579602,11.1305167579602
61,4.74444e-05,0.111918310136637,11.1918310136637
62,4.74444e-05,0.11252572484959,11.252572484959
63,4.74444e-05,0.113127465226733,11.3127465226733
64,4.74444e-05,0.113723584276474,11.3723584276474
65,4.74444e-05,0.114314134512027,11.4314134512027
66,4.74444e-05,0.11489916795604,11.489916795604
67,4.74444e-05,0.115478736145178,11.5478736145178
68,4.74444e-05,0.116052890134659,11.6052890134659
69,4.74444e-05,0.116621680502756,11.6621680502756
70,4.74444e-05,0.117185157355251,11.7185157355251
71,4.74444e-05,0.117743370329848,11.7743370329848
72,4.74444e-05,0.118296368600546,11.8296368600546
73,4.74444e-05,0.118844200881973,11.8844200881973
74,4.74444e-05,0.119386915433674,11.9386915433674
75,4.74444e-05,0.119924560064364,11.9924560064364
76,4.74444e-05,0.120457182136139,12.0457182136139
77,4.74444e-05,0.120984828568651,12.0984828568651
78,4.74444e-05,0.121507545843235,12.1507545843235
79,4.74444e-05,0.122025380007011,12.2025380007011
80,4.74444e-05,0.122538376676936,12.2538376676936
81,4.74444e-05,0.123046581043822,12.3046581043822
82,4.74444e-05,0.123550037876318,12.3550037876318
83,4.74444e-05,0.124048791524858,12.4048791524858
84,4.74444e-05,0.124542885925558,12.4542885925558
85,4.74444e-05,0.125032364604097,12.5032364604097
86,4.74444e-05,0.125517270679545,12.5517270679545
87,4.74444e-05,0.125997646868163,12.5997646868163
88,4.74444e-05,0.126473535487166,12.6473535487166
89,4.74444e-05,0.126944978458451,12.6944978458451
90,4.74444e-05,0.127412017312289,12.7412017312289
91,4.74444e-05,0.127874693190986,12.7874693190986
92,4.74444e-05,0.128333046852504,12.8333046852504
93,4.74444e-05,0.128787118674053,12.8787118674053
94,4.74444e-05,0.12923694865565,12.923694865565
95,4.74444e-05,0.129682576423637,12.9682576423637
96,4.74444e-05,0.130124041234178,13.0124041234178
97,4.74444e-05,0.130561381976714,13.0561381976714
98,4.74444e-05,0.130994637177389,13.0994637177389
99,4.74444e-05,0.131423845002445,13.1423845002445
100,4.74444e-05,0.131849043261581,13.1849043261581
101,4.74444e-05,0.132270269411289,13.2270269411289
102,4.74444e-05,0.132687560558148,13.2687560558148
103,4.74444e-05,0.133100953462098,13.3100953462098
104,4.74444e-05,0.133510484539674,13.3510484539674
105,4.74444e-05,0.133916189867215,13.3916189867215
106,4.74444e-05,0.134318105184044,13.4318105184044
107,4.74444e-05,0.134716265895615,13.4716265895615
108,4.74444e-05,0.135110707076632,13.5110707076632
109,4.74444e-05,0.135501463474139,13.5501463474139
110,4.74444e-05,0.135888569510578,13.5888569510578
111,4.74444e-05,0.136272059286828,13.6272059286828
112,4.74444e-05,0.136651966585202,13.6651966585202
113,4.74444e-05,0.137028324872429,13.7028324872429
114,4.74444e-05,0.137401167302595,13.7401167302595
115,4.74444e-05,0.137770526720072,13.7770526720072
116,4.74444e-05,0.138136435662404,13.8136435662404
117,4.74444e-05,0.138498926363179,13.8498926363179
118,4.74444e-05,0.138858030754862,13.8858030754862
119,4.74444e-05,0.139213780471616,13.9213780471616
120,4.74444e-05,0.139566206852082,13.9566206852082
121,4.74444e-05,0.139915340942143,13.9915340942143
122,4.74444e-05,0.140261213497658,14.0261213497658
123,4.74444e-05,0.140603854987172,14.0603854987172
124,4.74444e-05,0.140943295594599,14.0943295594599
125,4.74444e-05,0.141279565221882,14.1279565221882
126,4.74444e-05,0.141612693491625,14.1612693491625
127,4.74444e-05,0.141942709749707,14.1942709749707
128,4.74444e-05,0.14226964306786,14.226964306786
129,4.74444e-05,0.142593522246238,14.2593522246238
130,4.74444e-05,0.142914375815949,14.2914375815949
131,4.74444e-05,0.14323223204157,14.323223204157
132,4.74444e-05,0.143547118923634,14.3547118923634
133,4.74444e-05,0.143859064201103,14.3859064201103
134,4.74444e-05,0.144168095353805,14.4168095353805
135,4.74444e-05,0.144474239604858,14.4474239604858
136,4.74444e-05,0.144777523923068,14.4777523923068
137,4.74444e-05,0.145077975025304,14.5077975025304
138,4.74444e-05,0.145375619378852,14.5375619378852
139,4.74444e-05,0.145670483203746,14.5670483203746
140,4.74444e-05,0.145962592475079,14.5962592475079
141,4.74444e-05,0.146251972925289,14.6251972925289
142,4.74444e-05,0.146538650046429,14.6538650046429
143,4.74444e-05,0.146822649092409,14.6822649092409
144,4.74444e-05,0.147103995081223,14.7103995081223
145,4.74444e-05,0.147382712797152,14.7382712797152
146,4.74444e-05,0.147658826792951,14.765882679295
147,4.74444e-05,0.147932361392002,14.7932361392002
148,4.74444e-05,0.14820334069047,14.820334069047
149,4.74444e-05,0.148471788559415,14.8471788559415
150,4.74444e-05,0.148737728646899,14.8737728646899
151,4.74444e-05,0.149001184380071,14.9001184380071
152,4.74444e-05,0.149262178967225,14.9262178967225
153,4.74444e-05,0.149520735399853,14.9520735399853
154,4.74444e-05,0.149776876454661,14.9776876454661
155,4.74444e-05,0.150030624695584,15.0030624695584
156,4.74444e-05,0.150282002475765,15.0282002475765
157,4.74444e-05,0.150531031939534,15.0531031939534
158,4.74444e-05,0.150777735024349,15.0777735024349
159,4.74444e-05,0.151022133462736,15.1022133462736
160,4.74444e-05,0.151264248784199,15.1264248784199
161,4.74444e-05,0.151504102317119,15.1504102317119
162,4.74444e-05,0.151741715190631,15.1741715190631
163,4.74444e-05,0.151977108336486,15.1977108336486
164,4.74444e-05,0.152210302490897,15.2210302490897
165,4.74444e-05,0.152441318196362,15.2441318196362
166,4.74444e-05,0.152670175803477,15.2670175803477
167,4.74444e-05,0.152896895472724,15.2896895472724
168,4.74444e-05,0.153121497176255,15.3121497176255
169,4.74444e-05,0.153344000699642,15.3344000699642
170,4.74444e-05,0.153564425643627,15.3564425643627
171,4.74444e-05,0.153782791425847,15.3782791425847
172,4.74444e-05,0.15399911728254,15.399911728254
173,4.74444e-05,0.154213422270247,15.4213422270247
174,4.74444e-05,0.154425725267484,15.4425725267484
175,4.74444e-05,0.154636044976411,15.4636044976411
176,4.74444e-05,0.154844399924475,15.4844399924475
177,4.74444e-05,0.155050808466042,15.5050808466042
178,4.74444e-05,0.155255288784018,15.5255288784018
179,4.74444e-05,0.155457858891448,15.5457858891448
180,4.74444e-05,0.155658536633102,15.5658536633102
181,4.74444e-05,0.155857339687048,15.5857339687048
182,4.74444e-05,0.15605428556621,15.605428556621
183,4.74444e-05,0.156249391619911,15.6249391619911
184,4.74444e-05,0.156442675035397,15.6442675035397
185,4.74444e-05,0.156634152839359,15.6634152839359
186,4.74444e-05,0.156823841899425,15.6823841899425
187,4.74444e-05,0.157011758925651,15.7011758925651
188,4.74444e-05,0.157197920471991,15.7197920471991
189,4.74444e-05,0.157382342937754,15.7382342937754
190,4.74444e-05,0.157565042569054,15.7565042569054
191,4.74444e-05,0.157746035460232,15.7746035460232
192,4.74444e-05,0.157925337555284,15.7925337555284
193,4.74444e-05,0.158102964649258,15.8102964649258
194,4.74444e-05,0.158278932389649,15.8278932389649
195,4.74444e-05,0.158453256277777,15.8453256277777
196,4.74444e-05,0.158625951670151,15.8625951670151
197,4.74444e-05,0.158797033779822,15.8797033779822
198,4.74444e-05,0.158966517677728,15.8966517677728
199,4.74444e-05,0.159134418294012,15.9134418294012
200,4.74444e-05,0.159300750419348,15.9300750419348
201,4.74444e-05,0.159465528706235,15.9465528706235
202,4.74444e-05,0.159628767670293,15.9628767670293
203,4.74444e-05,0.159790481691541,15.9790481691541
204,4.74444e-05,0.159950685015662,15.9950685015662
205,4.74444e-05,0.160109391755259,16.0109391755259
206,4.74444e-05,0.160266615891098,16.0266615891098
207,4.74444e-05,0.160422371273341,16.0422371273341
208,4.74444e-05,0.160576671622763,16.0576671622763
209,4.74444e-05,0.160729530531964,16.0729530531964
210,4.74444e-05,0.160880961466563,16.0880961466563
211,4.74444e-05,0.161030977766389,16.1030977766389
212,4.74444e-05,0.161179592646651,16.1179592646651
213,4.74444e-05,0.161326819199105,16.1326819199105
214,4.74444e-05,0.161472670393206,16.1472670393206
215,4.74444e-05,0.161617159077253,16.1617159077253
216,4.74444e-05,0.161760297979517,16.1760297979517
217,4.74444e-05,0.161902099709366,16.1902099709366
218,4.74444e-05,0.162042576758372,16.2042576758372
219,4.74444e-05,0.162181741501415,16.2181741501415
220,4.74444e-05,0.162319606197772,16.2319606197772
221,4.74444e-05,0.162456182992194,16.2456182992194
222,4.74444e-05,0.162591483915982,16.2591483915982
223,4.74444e-05,0.16272552088804,16.272552088804
224,4.74444e-05,0.16285830571593,16.285830571593
225,4.74444e-05,0.16298985009691,16.298985009691
226,4.74444e-05,0.163120165618963,16.3120165618963
227,4.74444e-05,0.163249263761824,16.3249263761824
228,4.74444e-05,0.163377155897981,16.3377155897981
229,4.74444e-05,0.163503853293688,16.3503853293688
230,4.74444e-05,0.163629367109949,16.3629367109949
231,4.74444e-05,0.163753708403504,16.3753708403504
232,4.74444e-05,0.163876888127806,16.3876888127806
233,4.74444e-05,0.163998917133981,16.3998917133981
234,4.74444e-05,0.164119806171787,16.4119806171787
235,4.74444e-05,0.16423956589056,16.423956589056
236,4.74444e-05,0.164358206840152,16.4358206840152
237,4.74444e-05,0.164475739471861,16.4475739471861
238,4.74444e-05,0.16459217413935,16.459217413935
239,4.74444e-05,0.164707521099563,16.4707521099563
240,4.74444e-05,0.164821790513624,16.4821790513624
241,4.74444e-05,0.164934992447732,16.4934992447732
242,4.74444e-05,0.165047136874055,16.5047136874055
243,4.74444e-05,0.165158233671598,16.5158233671598
244,4.74444e-05,0.165268292627082,16.5268292627082
245,4.74444e-05,0.1653773234358,16.53773234358
246,4.74444e-05,0.165485335702476,16.5485335702476
247,4.74444e-05,0.165592338942107,16.5592338942107
248,4.74444e-05,0.165698342580804,16.5698342580804
249,4.74444e-05,0.165803355956621,16.5803355956621
250,4.74444e-05,0.165907388320378,16.5907388320378
251,4.74444e-05,0.166010448836475,16.6010448836475
252,4.74444e-05,0.166112546583702,16.6112546583702
253,4.74444e-05,0.166213690556035,16.6213690556035
254,4.74444e-05,0.166313889663431,16.6313889663431
255,4.74444e-05,0.166413152732613,16.6413152732613
256,4.74444e-05,0.166511488507846,16.6511488507846
257,4.74444e-05,0.166608905651707,16.6608905651707
258,4.74444e-05,0.16670541274585,16.670541274585
259,4.74444e-05,0.166801018291762,16.6801018291762
260,4.74444e-05,0.16689573071151,16.689573071151
261,4.74444e-05,0.166989558348483,16.6989558348483
262,4.74444e-05,0.167082509468129,16.7082509468129
263,4.74444e-05,0.167174592258682,16.7174592258682
264,4.74444e-05,0.167265814831883,16.7265814831883
265,4.74444e-05,0.167356185223695,16.7356185223695
266,4.74444e-05,0.16744571139501,16.744571139501
267,4.74444e-05,0.167534401232353,16.7534401232353
268,4.74444e-05,0.167622262548573,16.7622262548573
269,4.74444e-05,0.167709303083534,16.7709303083534
270,4.74444e-05,0.167795530504795,16.7795530504795
271,4.74444e-05,0.167880952408288,16.7880952408288
272,4.74444e-05,0.167965576318983,16.7965576318983
273,4.74444e-05,0.168049409691555,16.8049409691555
274,4.74444e-05,0.168132459911039,16.8132459911039
275,4.74444e-05,0.168214734293481,16.8214734293481
276,4.74444e-05,0.168296240086581,16.8296240086581
277,4.74444e-05,0.168376984470333,16.8376984470333
278,4.74444e-05,0.168456974557657,16.8456974557657
279,4.74444e-05,0.168536217395025,16.8536217395025
280,4.74444e-05,0.168614719963085,16.8614719963085
281,4.74444e-05,0.168692489177271,16.8692489177271
282,4.74444e-05,0.168769531888414,16.8769531888414
283,4.74444e-05,0.168845854883347,16.8845854883347
284,4.74444e-05,0.168921464885503,16.8921464885503
285,4.74444e-05,0.168996368555504,16.8996368555504
286,4.74444e-05,0.169070572491752,16.9070572491752
287,4.74444e-05,0.169144083231007,16.9144083231007
288,4.74444e-05,0.169216907248963,16.9216907248963
289,4.74444e-05,0.169289050960822,16.9289050960822
290,4.74444e-05,0.169360520721855,16.9360520721855
291,4.74444e-05,0.169431322827963,16.9431322827963
292,4.74444e-05,0.169501463516233,16.9501463516233
293,4.74444e-05,0.169570948965487,16.9570948965487
294,4.74444e-05,0.169639785296823,16.9639785296824
295,4.74444e-05,0.169707978574162,16.9707978574162
296,4.74444e-05,0.169775534804772,16.9775534804772
297,4.74444e-05,0.169842459939805,16.9842459939805
298,4.74444e-05,0.169908759874819,16.9908759874819
299,4.74444e-05,0.169974440450295,16.9974440450295
300,4.74444e-05,0.170039507452157,17.0039507452157
301,4.74444e-05,0.170103966612273,17.0103966612273
302,4.74444e-05,0.170167823608971,17.0167823608971
303,4.74444e-05,0.170231084067528,17.0231084067528
304,4.74444e-05,0.170293753560674,17.0293753560674
305,4.74444e-05,0.17035583760908,17.035583760908
306,4.74444e-05,0.170417341681842,17.0417341681842
307,4.74444e-05,0.170478271196966,17.0478271196966
308,4.74444e-05,0.170538631521845,17.0538631521845
309,4.74444e-05,0.17059842797373,17.059842797373
310,4.74444e-05,0.170657665820198,17.0657665820198
311,4.74444e-05,0.170716350279621,17.0716350279621
312,4.74444e-05,0.17077448652162,17.077448652162
313,4.74444e-05,0.170832079667521,17.0832079667521
314,4.74444e-05,0.170889134790811,17.0889134790811
315,4.74444e-05,0.170945656917579,17.0945656917579
316,4.74444e-05,0.171001651026962,17.1001651026962
317,4.74444e-05,0.171057122051585,17.1057122051585
318,4.74444e-05,0.17111207487799,17.111207487799
319,4.74444e-05,0.171166514347072,17.1166514347072
320,4.74444e-05,0.171220445254504,17.1220445254504
321,4.74444e-05,0.171273872351158,17.1273872351158
322,4.74444e-05,0.171326800343523,17.1326800343523
323,4.74444e-05,0.171379233894124,17.1379233894124
324,4.74444e-05,0.171431177621928,17.1431177621928
325,4.74444e-05,0.171482636102753,17.1482636102753
326,4.74444e-05,0.171533613869669,17.1533613869669
327,4.74444e-05,0.171584115413401,17.1584115413401
328,4.74444e-05,0.171634145182724,17.1634145182724
329,4.74444e-05,0.171683707584849,17.1683707584849
330,4.74444e-05,0.17173280698582,17.173280698582
331,4.74444e-05,0.171781447710893,17.1781447710893
332,4.74444e-05,0.171829634044917,17.1829634044917
333,4.74444e-05,0.171877370232716,17.1877370232716
334,4.74444e-05,0.171924660479456,17.1924660479456
335,4.74444e-05,0.171971508951022,17.1971508951022
336,4.74444e-05,0.172017919774381,17.2017919774381
337,4.74444e-05,0.172063897037948,17.2063897037948
338,4.74444e-05,0.172109444791943,17.2109444791943
339,4.74444e-05,0.172154567048751,17.2154567048751
340,4.74444e-05,0.172199267783275,17.2199267783275
341,4.74444e-05,0.172243550933283,17.2243550933283
342,4.74444e-05,0.172287420399758,17.2287420399758
343,4.74444e-05,0.172330880047243,17.2330880047243
344,4.74444e-05,0.172373933704178,17.2373933704177
345,4.74444e-05,0.172416585163236,17.2416585163236
346,4.74444e-05,0.172458838181663,17.2458838181663
347,4.74444e-05,0.172500696481605,17.2500696481605
348,4.74444e-05,0.172542163750435,17.2542163750435
349,4.74444e-05,0.172583243641081,17.2583243641081
350,4.74444e-05,0.172623939772346,17.2623939772346
351,4.74444e-05,0.172664255729225,17.2664255729225
352,4.74444e-05,0.172704195063226,17.2704195063226
353,4.74444e-05,0.172743761292677,17.2743761292677
354,4.74444e-05,0.172782957903039,17.2782957903039
355,4.74444e-05,0.172821788347213,17.2821788347213
356,4.74444e-05,0.172860256045844,17.2860256045844
357,4.74444e-05,0.172898364387622,17.2898364387622
358,4.74444e-05,0.17293611672958,17.293611672958
359,4.74444e-05,0.172973516397391,17.2973516397391
360,4.74444e-05,0.173010566685659,17.3010566685659
361,4.74444e-05,0.173047270858213,17.3047270858213
362,4.74444e-05,0.17308363214839,17.308363214839
363,4.74444e-05,0.173119653759321,17.3119653759321
364,4.74444e-05,0.173155338864218,17.3155338864218
365,4.74444e-05,0.173190690606645,17.3190690606645
366,4.74444e-05,0.173225712100802,17.3225712100802
367,4.74444e-05,0.173260406431797,17.3260406431797
368,4.74444e-05,0.173294776655916,17.3294776655916
369,4.74444e-05,0.173328825800896,17.3328825800896
370,4.74444e-05,0.173362556866187,17.3362556866187
371,4.74444e-05,0.173395972823221,17.3395972823221
372,4.74444e-05,0.17342907661567,17.342907661567
373,4.74444e-05,0.173461871159707,17.3461871159707
374,4.74444e-05,0.173494359344265,17.3494359344265
375,4.74444e-05,0.173526544031286,17.3526544031286
376,4.74444e-05,0.173558428055978,17.3558428055978
377,4.74444e-05,0.173590014227064,17.3590014227064
378,4.74444e-05,0.173621305327026,17.3621305327026
379,4.74444e-05,0.173652304112355,17.3652304112355
380,4.74444e-05,0.17368301331379,17.368301331379
381,4.74444e-05,0.173713435636561,17.3713435636561
382,4.74444e-05,0.173743573760626,17.3743573760626
383,4.74444e-05,0.173773430340907,17.3773430340907
384,4.74444e-05,0.173803008007525,17.3803008007525
385,4.74444e-05,0.17383230936603,17.383230936603
386,4.74444e-05,0.173861336997633,17.3861336997633
387,4.74444e-05,0.17389009345943,17.389009345943
388,4.74444e-05,0.173918581284632,17.3918581284631
389,4.74444e-05,0.173946802982781,17.3946802982781
390,4.74444e-05,0.17397476103998,17.397476103998
391,4.74444e-05,0.174002457919104,17.4002457919104
392,4.74444e-05,0.174029896060023,17.4029896060023
393,4.74444e-05,0.174057077879811,17.4057077879811
394,4.74444e-05,0.174084005772966,17.4084005772966
395,4.74444e-05,0.174110682111614,17.4110682111614
396,4.74444e-05,0.174137109245723,17.4137109245723
397,4.74444e-05,0.174163289503307,17.4163289503307
398,4.74444e-05,0.174189225190632,17.4189225190632
399,4.74444e-05,0.174214918592422,17.4214918592422
400,4.74444e-05,0.174240371972054,17.4240371972054
401,4.74444e-05,0.174265587571764,17.4265587571764
402,4.74444e-05,0.174290567612839,17.4290567612839
403,4.74444e-05,0.174315314295817,17.4315314295817
404,4.74444e-05,0.174339829800678,17.4339829800678
405,4.74444e-05,0.174364116287037,17.4364116287037
406,4.74444e-05,0.174388175894337,17.4388175894337
407,4.74444e-05,0.174412010742031,17.4412010742031
408,4.74444e-05,0.174435622929775,17.4435622929775
409,4.74444e-05,0.174459014537609,17.4459014537609
410,4.74444e-05,0.174482187626143,17.4482187626143
411,4.74444e-05,0.174505144236736,17.4505144236736
412,4.74444e-05,0.174527886391679,17.4527886391679
413,4.74444e-05,0.174550416094369,17.4550416094369
414,4.74444e-05,0.174572735329488,17.4572735329488
415,4.74444e-05,0.174594846063179,17.4594846063179
416,4.74444e-05,0.174616750243218,17.4616750243218
417,4.74444e-05,0.174638449799182,17.4638449799182
418,4.74444e-05,0.174659946642625,17.4659946642625
419,4.74444e-05,0.174681242667244,17.4681242667244
420,4.74444e-05,0.174702339749045,17.4702339749045
421,4.74444e-05,0.174723239746507,17.4723239746507
422,4.74444e-05,0.17474394450075,17.474394450075
423,4.74444e-05,0.174764455835693,17.4764455835693
424,4.74444e-05,0.174784775558218,17.4784775558218
425,4.74444e-05,0.174804905458324,17.4804905458324
426,4.74444e-05,0.174824847309294,17.4824847309294
427,4.74444e-05,0.174844602867839,17.4844602867839
428,4.74444e-05,0.174864173874264,17.4864173874264
429,4.74444e-05,0.174883562052614,17.4883562052614
430,4.74444e-05,0.174902769110829,17.4902769110829
431,4.74444e-05,0.174921796740894,17.4921796740894
432,4.74444e-05,0.174940646618988,17.4940646618988
433,4.74444e-05,0.174959320405631,17.4959320405631
434,4.74444e-05,0.17497781974583,17.497781974583
435,4.74444e-05,0.174996146269227,17.4996146269227
436,4.74444e-05,0.175014301590238,17.5014301590238
437,4.74444e-05,0.175032287308198,17.5032287308198
438,4.74444e-05,0.175050105007503,17.5050105007503
439,4.74444e-05,0.175067756257746,17.5067756257746
440,4.74444e-05,0.175085242613858,17.5085242613858
441,4.74444e-05,0.175102565616243,17.5102565616243
442,4.74444e-05,0.175119726790918,17.5119726790918
443,4.74444e-05,0.17513672764964,17.513672764964
444,4.74444e-05,0.175153569690047,17.5153569690047
445,4.74444e-05,0.175170254395784,17.5170254395784
446,4.74444e-05,0.175186783236639,17.5186783236639
447,4.74444e-05,0.175203157668666,17.5203157668666
448,4.74444e-05,0.175219379134319,17.5219379134319
449,4.74444e-05,0.175235449062577,17.5235449062577
450,4.74444e-05,0.175251368869069,17.5251368869069
451,4.74444e-05,0.1752671399562,17.52671399562
452,4.74444e-05,0.175282763713273,17.5282763713273
453,4.74444e-05,0.175298241516615,17.5298241516615
454,4.74444e-05,0.175313574729692,17.5313574729692
455,4.74444e-05,0.175328764703236,17.5328764703236
456,4.74444e-05,0.175343812775359,17.5343812775359
457,4.74444e-05,0.175358720271673,17.5358720271673
458,4.74444e-05,0.175373488505407,17.5373488505407
459,4.74444e-05,0.175388118777522,17.5388118777522
460,4.74444e-05,0.175402612376824,17.5402612376824
461,4.74444e-05,0.175416970580082,17.5416970580082
462,4.74444e-05,0.175431194652136,17.5431194652136
463,4.74444e-05,0.17544528584601,17.544528584601
464,4.74444e-05,0.175459245403023,17.5459245403023
465,4.74444e-05,0.175473074552898,17.5473074552898
466,4.74444e-05,0.17548677451387,17.548677451387
467,4.74444e-05,0.175500346492794,17.5500346492794
468,4.74444e-05,0.17551379168525,17.551379168525
469,4.74444e-05,0.175527111275649,17.5527111275649
470,4.74444e-05,0.175540306437339,17.5540306437339
471,4.74444e-05,0.175553378332706,17.5553378332706
472,4.74444e-05,0.175566328113276,17.5566328113276
473,4.74444e-05,0.17557915691982,17.557915691982
474,4.74444e-05,0.17559186588245,17.559186588245
475,4.74444e-05,0.175604456120723,17.5604456120723
476,4.74444e-05,0.175616928743734,17.5616928743734
477,4.74444e-05,0.175629284850221,17.5629284850221
478,4.74444e-05,0.175641525528655,17.5641525528655
479,4.74444e-05,0.17565365185734,17.565365185734
480,4.74444e-05,0.175665664904506,17.5665664904506
481,4.74444e-05,0.175677565728405,17.5677565728405
482,4.74444e-05,0.175689355377402,17.5689355377402
483,4.74444e-05,0.175701034890069,17.5701034890069
484,4.74444e-05,0.175712605295274,17.5712605295274
485,4.74444e-05,0.175724067612278,17.5724067612278
486,4.74444e-05,0.175735422850814,17.5735422850814
487,4.74444e-05,0.175746672011189,17.5746672011189
488,4.74444e-05,0.17575781608436,17.575781608436
489,4.74444e-05,0.175768856052029,17.5768856052029
490,4.74444e-05,0.175779792886727,17.5779792886727
491,4.74444e-05,0.1757906275519,17.57906275519
492,4.74444e-05,0.175801361001993,17.5801361001993
493,4.74444e-05,0.175811994182536,17.5811994182536
494,4.74444e-05,0.175822528030225,17.5822528030225
495,4.74444e-05,0.175832963473005,17.5832963473005
496,4.74444e-05,0.175843301430154,17.5843301430154
497,4.74444e-05,0.175853542812362,17.5853542812362
498,4.74444e-05,0.175863688521809,17.5863688521809
499,4.74444e-05,0.175873739452252,17.5873739452252
500,4.74444e-05,0.175883696489093,17.5883696489093
501,4.74444e-05,0.175893560509468,17.5893560509468
502,4.74444e-05,0.175903332382315,17.5903332382315
503,4.74444e-05,0.175913012968456,17.5913012968456
504,4.74444e-05,0.175922603120672,17.5922603120672
505,4.74444e-05,0.175932103683777,17.5932103683777
506,4.74444e-05,0.175941515494694,17.5941515494694
507,4.74444e-05,0.175950839382524,17.5950839382524
508,4.74444e-05,0.175960076168628,17.5960076168628
509,4.74444e-05,0.175969226666689,17.5969226666689
510,4.74444e-05,0.175978291682793,17.5978291682793
511,4.74444e-05,0.175987272015493,17.5987272015493
512,4.74444e-05,0.175996168455883,17.5996168455883
513,4.74444e-05,0.176004981787667,17.6004981787667
514,4.74444e-05,0.176013712787227,17.6013712787227
515,4.74444e-05,0.176022362223692,17.6022362223692
516,4.74444e-05,0.176030930859008,17.6030930859008
517,4.74444e-05,0.176039419448001,17.6039419448001
518,4.74444e-05,0.176047828738446,17.6047828738446
519,4.74444e-05,0.176056159471134,17.6056159471134
520,4.74444e-05,0.176064412379933,17.6064412379933
521,4.74444e-05,0.176072588191858,17.6072588191858
522,4.74444e-05,0.17608068762713,17.608068762713
523,4.74444e-05,0.176088711399244,17.6088711399244
524,4.74444e-05,0.176096660215028,17.6096660215028
525,4.74444e-05,0.176104534774709,17.6104534774709
526,4.74444e-05,0.17611233577197,17.611233577197
527,4.74444e-05,0.176120063894015,17.6120063894015
528,4.74444e-05,0.176127719821629,17.6127719821629
529,4.74444e-05,0.176135304229237,17.6135304229237
530,4.74444e-05,0.176142817784962,17.6142817784962
531,4.74444e-05,0.176150261150688,17.6150261150688
532,4.74444e-05,0.176157634982115,17.6157634982115
533,4.74444e-05,0.176164939928815,17.6164939928815
534,4.74444e-05,0.176172176634297,17.6172176634297
535,4.74444e-05,0.176179345736054,17.6179345736054
536,4.74444e-05,0.176186447865625,17.6186447865625
537,4.74444e-05,0.176193483648651,17.6193483648651
538,4.74444e-05,0.176200453704925,17.6200453704925
539,4.74444e-05,0.176207358648454,17.6207358648454
540,4.74444e-05,0.176214199087505,17.6214199087505
541,4.74444e-05,0.176220975624666,17.6220975624666
542,4.74444e-05,0.176227688856895,17.6227688856895
543,4.74444e-05,0.176234339375572,17.6234339375572
544,4.74444e-05,0.176240927766554,17.6240927766554
545,4.74444e-05,0.176247454610223,17.6247454610223
546,4.74444e-05,0.176253920481542,17.6253920481542
547,4.74444e-05,0.176260325950101,17.6260325950101
548,4.74444e-05,0.176266671580169,17.6266671580169
549,4.74444e-05,0.176272957930745,17.6272957930745
550,4.74444e-05,0.176279185555604,17.6279185555604
551,4.74444e-05,0.17628535500335,17.628535500335
552,4.74444e-05,0.17629146681746,17.629146681746
553,4.74444e-05,0.176297521536336,17.6297521536336
554,4.74444e-05,0.176303519693347,17.6303519693347
555,4.74444e-05,0.176309461816884,17.6309461816884
556,4.74444e-05,0.176315348430398,17.6315348430398
557,4.74444e-05,0.176321180052452,17.6321180052452
558,4.74444e-05,0.176326957196765,17.6326957196765
559,4.74444e-05,0.176332680372255,17.6332680372255
560,4.74444e-05,0.176338350083087,17.6338350083087
561,4.74444e-05,0.176343966828717,17.6343966828717
562,4.74444e-05,0.176349531103934,17.6349531103934
563,4.74444e-05,0.176355043398905,17.6355043398905
564,4.74444e-05,0.176360504199218,17.6360504199218
565,4.74444e-05,0.176365913985926,17.6365913985926
566,4.74444e-05,0.176371273235585,17.6371273235585
567,4.74444e-05,0.176376582420303,17.6376582420303
568,4.74444e-05,0.176381842007775,17.6381842007775
569,4.74444e-05,0.176387052461327,17.6387052461327
570,4.74444e-05,0.176392214239958,17.6392214239958
571,4.74444e-05,0.176397327798379,17.6397327798379
572,4.74444e-05,0.176402393587052,17.6402393587052
573,4.74444e-05,0.176407412052232,17.6407412052232
574,4.74444e-05,0.176412383636004,17.6412383636004
575,4.74444e-05,0.176417308776324,17.6417308776325
576,4.74444e-05,0.176422187907058,17.6422187907058
577,4.74444e-05,0.176427021458016,17.6427021458016
578,4.74444e-05,0.176431809854995,17.6431809854995
579,4.74444e-05,0.176436553519813,17.6436553519813
580,4.74444e-05,0.176441252870349,17.6441252870349
581,4.74444e-05,0.176445908320577,17.6445908320577
582,4.74444e-05,0.176450520280604,17.6450520280604
583,4.74444e-05,0.176455089156706,17.6455089156706
584,4.74444e-05,0.176459615351363,17.6459615351363
585,4.74444e-05,0.176464099263297,17.6464099263297
586,4.74444e-05,0.176468541287503,17.6468541287503
587,4.74444e-05,0.176472941815288,17.6472941815288
588,4.74444e-05,0.176477301234301,17.6477301234301
589,4.74444e-05,0.176481619928573,17.6481619928573
590,4.74444e-05,0.176485898278544,17.6485898278544
591,4.74444e-05,0.176490136661103,17.6490136661103
592,4.74444e-05,0.176494335449616,17.6494335449616
593,4.74444e-05,0.176498495013962,17.6498495013962
594,4.74444e-05,0.176502615720565,17.6502615720565
595,4.74444e-05,0.176506697932426,17.6506697932426
596,4.74444e-05,0.176510742009153,17.6510742009153
597,4.74444e-05,0.176514748306997,17.6514748306997
598,4.74444e-05,0.17651871717888,17.651871717888
599,4.74444e-05,0.176522648974428,17.6522648974428
600,4.74444e-05,0.176526544039999,17.6526544039999
